11740941,126516,87545,6
11740923,78940.48,26762,5
11680016,72298.69,11766,5
11610106,59209.6,6200,5
11686823,55806.39,16244,5
11741143,44282.31,8602,5
11685694,43996.07,4472,4
11740964,40649.79,9287,5
12518517,39994.94,4771,4
11696675,39570.41,4207,4
11743201,38774.65,17379,5
11611881,37650.8,15657,5
11741127,33671.73,6419,4
11741816,32687.77,9866,5
11686839,31361.94,8692,4
14388093,30793.59,3395,4
11741274,29152.36,15394,5
11742966,28776.48,13197,5
11745837,28387.56,12293,5
13881134,26841.3,3239,4
11832850,26532.83,2966,4
11639874,25791.17,2811,4
11742736,24824.72,11915,5
11742461,24803.07,9891,4
11600537,24395.6,6030,4
11696680,24269.22,4182,4
11659747,23618.25,7260,4
11740989,23356.93,6594,4
11600129,22686.29,7807,4
11675064,22611.8,3893,4
13797916,22274.71,5545,4
11675055,21853.85,3775,4
11697918,21466.74,8264,4
11742360,21400.61,11708,5
12762899,20599.05,5103,4
11673668,20154.58,2734,1
11696659,20031.71,3287,4
11662192,19938.81,2154,1
11741019,19328.93,2718,1
11746238,19222,4594,4
11701521,19217.61,7342,4
11608903,18933.02,3595,4
11746233,18587.47,4712,4
11676841,18558.25,2801,1
11621670,18428.12,6362,4
11746232,17374.18,4329,4
11745182,16817.77,2431,1
13960220,16699.07,4650,4
11675063,16672.36,2868,1
11659745,16593.72,5043,4
11712767,16530.66,4332,4
11702769,16476.71,3002,1
11668067,16428.92,4678,4
11599868,16131.22,6388,4
11612558,16111.68,6518,4
11743679,16053.59,3542,1
11668104,15858.92,4534,4
11697902,15489.78,8383,4
11832856,15446.02,3261,1
12788250,15199.83,3424,1
11677203,15077.16,3178,1
11675059,14815.48,2567,1
15065940,14812.08,2641,1
11696651,14539.37,1517,1
11698026,14409.99,3411,1
14423037,14159.27,2126,1
11682375,13827.28,2513,1
12161360,13746.81,1549,1
11629829,13688.55,5517,4
11600749,13594.43,5612,4
11697985,13565.08,1743,1
11842659,13341.6,1398,1
13009827,13190.4,2238,1
11712740,13068.13,3365,1
11746191,12981.41,2382,1
11696669,12899.66,1915,1
11746235,12870.6,5397,4
14905344,12623.03,2388,1
12635005,12583.84,2431,1
11650611,12564.57,1924,1
11746231,12420.04,5189,4
12187228,12286.77,3002,1
14567596,11866.04,2194,1
11743876,11807.75,3394,1
11742219,11673.86,7723,4
11717359,11654.32,2171,1
11635293,11608.6,1674,1
15066444,11291.72,1990,1
11731397,11243.48,1860,1
12906968,11114.24,1584,1
11750434,11043.8,1601,1
11972270,11025.37,3308,1
11742256,11020.79,8771,4
11712769,10936.46,2801,1
14567807,10904.48,2026,1
11742393,10860.96,4945,1
12913750,10844.73,2076,1
11855813,10819.89,1735,1
12750654,10691.69,2413,1
11645974,10569.72,2141,1
14340226,10541.99,1194,2
11743676,10499.79,2666,1
11743933,10395.23,5180,1
11740296,10361.84,4362,1
11645976,10338.42,2073,1
11697904,10334.72,3653,1
11741282,10312.41,6460,4
14567659,10256.8,1895,1
11700004,10245.9,3673,1
13009825,10225.64,2161,1
11613507,10221.16,1691,1
12741292,10191.42,1276,2
11701728,10136.56,5809,4
11698970,9947.709,1777,1
11746136,9938.178,1694,1
11621883,9855.72,2310,1
11616783,9840.27,2178,1
11657048,9809.612,1008,2
11633904,9752.81,2905,1
11838638,9669.31,2174,1
11746124,9622.8,1827,1
12472025,9613.06,2468,1
11752725,9532.98,3605,1
11602754,9514.71,2380,1
14498035,9499.42,1722,1
14340248,9444.322,1065,2
11740420,9329.12,3885,1
14211508,9315.868,1567,1
11744267,9278.488,1436,2
11745914,9262.75,4173,1
11745088,9190.26,1558,1
11660920,9178.99,2418,1
12788252,9121.82,1508,2
11746237,9099.48,3763,1
11698908,9092.876,1201,2
11683917,9074.49,1693,1
11702379,8991.26,3300,1
11746188,8967.449,1664,1
14889792,8906.68,2040,1
11649813,8868.33,3711,1
11735921,8799.61,2860,1
11742373,8778.3,4228,1
11686818,8736.63,2326,1
11686251,8722.666,995,2
14065552,8694.062,908,2
14376833,8640.52,2103,1
12159371,8526.76,2356,1
11745163,8498.869,1349,2
11746246,8402.96,2083,1
11687029,8365.966,837,2
11699376,8251.417,1193,2
13789486,8236.46,1381,2
11613509,8232.978,1436,2
11743118,8217.59,1424,2
11677975,8114.5,2739,1
13797778,8083.989,1317,2
15060914,7968.27,1737,2
11740890,7953.93,3210,1
12406002,7942.882,886,2
11894374,7942.29,1967,1
11702684,7935.454,869,2
11698114,7928.289,1568,2
11610108,7853.705,909,2
12577750,7833.442,820,2
11689531,7812.21,1530,2
13966754,7764.468,787,2
11687104,7711.81,1734,2
11742603,7697.21,5237,1
11972326,7634.55,2430,1
12156017,7537.623,798,2
11742670,7487.18,4375,1
11686811,7428.29,1826,2
14043843,7388.4,1752,2
11728785,7378.79,3511,1
11749110,7365.44,2212,1
11659751,7326.71,2119,1
11617596,7308.52,1777,2
11741054,7301.2,1894,2
11746226,7242.16,3053,1
11665774,7230.99,1755,2
15232272,7226.39,2800,1
12788247,7220.68,1455,2
11742303,7210.88,2409,1
11667876,7170.234,788,2
12193406,7146.99,775,2
11731777,7123.649,1379,2
11660553,7100.57,1857,2
12499413,7091.708,839,2
14370456,7058.95,2005,2
11740615,6987.01,2553,1
11702687,6981.385,812,2
11683922,6949.76,1296,2
11635275,6949.067,709,2
11653805,6939.04,902,2
14237874,6927.06,987,2
11746227,6924.32,1766,2
11742323,6895.38,2603,1
14388091,6890.748,930,2
11666579,6843.67,1244,2
11832825,6831.809,1143,2
11743793,6750.62,3630,1
11744784,6738.37,2470,1
11603103,6719.998,1982,2
13789482,6707.16,1092,2
11699047,6689.064,764,2
11743288,6679.14,1040,2
11743836,6665.62,4999,1
11625422,6657.78,1453,2
13056659,6623.05,1481,2
11698066,6609.4,1404,2
11778592,6586.16,2649,1
11742054,6557.84,1847,2
13009828,6554.11,924,2
11625341,6534.13,2743,1
11828090,6531.07,1446,2
11738366,6468.986,901,2
11746288,6461.66,1530,2
11653271,6453.13,5942,1
11701997,6443.614,692,2
11646246,6440.77,1358,2
11838636,6410.9,1475,2
11686847,6382.15,1990,2
13789458,6357.91,1184,2
12185943,6307.654,660,2
11679922,6302.05,1872,2
14332393,6300.605,684,2
11697893,6295.33,1591,2
11654011,6287.84,1082,2
11673426,6284.95,2096,2
11673145,6249.09,1066,2
11603747,6242.52,1492,2
12176852,6239.758,954,2
11746245,6188.42,2660,1
12787255,6187.9,1587,2
11634180,6173.43,714,2
14341397,6159.09,1278,2
11779280,6145.54,1822,2
14211504,6131.279,1165,2
11741133,6125.849,1041,2
14498036,6111.409,1051,2
11603742,6109.19,1490,2
11684627,6086.369,673,2
14221933,6084.979,1141,2
14960105,6079.5,1311,2
14340510,6062.29,1728,2
11684447,6062.2,1308,2
11954858,6054.78,1327,2
11701295,6047.48,2320,1
15607474,5978.038,904,2
15145961,5974.974,598,2
11659753,5968.79,1643,2
11735563,5955.004,650,2
12820692,5940.259,935,2
11820821,5912.657,616,2
14963277,5908.35,1127,2
11746171,5900.06,1485,2
13797900,5882.31,1612,2
11658157,5870.64,1634,2
11681645,5869.72,1615,2
13966656,5864.197,697,2
11673146,5856.09,987,2
11742149,5844.41,2640,1
11742015,5831.8,3234,1
11685064,5798.69,1379,2
11659752,5788.61,1560,2
11746248,5773.69,1335,2
11600729,5766.39,1193,2
14570356,5704.49,934,2
15231453,5688.2,2381,2
11746250,5643.79,1378,2
11741211,5621.01,2427,1
11740793,5617.12,2674,1
11746135,5614.91,1774,2
11639532,5594.76,1420,2
12932699,5578.579,963,2
11603104,5564.999,1136,2
11699076,5561.429,992,2
11660916,5541.97,1416,2
11646189,5540.59,1549,2
14433430,5539.94,798,2
11838637,5532.43,1206,2
11659744,5528.2,1536,2
11702668,5524.935,558,2
11751082,5524.5,1423,2
11746294,5504.48,1351,2
12785668,5485.78,2030,2
14941740,5478.26,1500,2
11751043,5469.78,3167,1
11616746,5460.57,1262,2
11697782,5425.77,1140,2
11630769,5399.18,1293,2
11698078,5384.04,1416,2
11860771,5373.91,1376,2
11676167,5343.63,908,2
14543178,5330.167,582,2
11746297,5321.45,1308,2
14570357,5313.08,871,2
12176839,5308.187,562,2
11838811,5288.95,3044,1
11740898,5253.61,2352,2
14082848,5249.819,850,2
12788254,5243.55,1300,2
11733929,5230.059,663,2
13789470,5229.26,897,2
12741459,5228.61,746,2
11702677,5221.127,650,2
11636454,5192.93,1311,2
11684344,5168.74,744,2
14460576,5162.968,737,2
13797915,5155.7,1345,2
11745096,5154.97,516,2
11741762,5150.59,1981,2
12787323,5142.01,2067,2
14020974,5137.33,1425,2
12932343,5135.856,584,2
11753850,5134.11,1985,2
11669491,5126.38,1061,2
11746969,5096.99,894,2
4633195,5088.99,723,2
11675202,5079.97,847,2
11712706,5056.87,1344,2
11684180,5055.39,1472,2
11914479,5039.72,1344,2
11743560,5021.139,808,2
11743040,5017.36,1073,2
11735962,5002.07,1697,2
13789490,4989.98,887,2
11698917,4979.339,1044,2
11742573,4971.24,1747,2
11823127,4957.47,944,2
13035028,4956.98,707,2
11746186,4955.3,926,2
14255431,4924.176,499,2
15306089,4888.66,931,2
13881109,4880.7,1255,2
11695806,4860.19,692,2
11746118,4860.06,1876,2
11743286,4856.6,655,2
11740690,4854.57,1135,2
11742169,4849.37,3092,1
12741439,4832.33,688,2
11625340,4825.38,2001,2
11609340,4808.76,1060,2
11699156,4795.586,515,3
14899956,4783.81,1434,2
14389592,4777.679,1043,2
11702327,4774.18,1386,2
15267904,4747.25,944,2
12906969,4742.899,654,2
11698905,4740.217,728,2
11746132,4718.01,1596,2
14071334,4706.31,1375,2
11606574,4704.79,1150,2
11679234,4703.999,904,2
15164983,4699.34,678,2
11630312,4688.76,1231,2
11746133,4681.09,1577,2
13797793,4647.32,1258,2
11741856,4643.02,2034,2
14388098,4598.459,770,2
11654387,4574.049,697,2
14383206,4573.39,2337,2
11615002,4559.5,2881,1
11743943,4558.62,959,2
11696721,4554.9,836,2
11646126,4525,1000,2
12928446,4496.79,942,2
12807633,4491.21,1193,2
11741918,4480.71,1066,2
11749549,4475.498,593,3
12506365,4462.88,1981,2
12719231,4458.57,560,3
11742721,4432.89,870,2
15080720,4430.44,799,2
11746247,4422.98,1627,2
11601443,4421.37,984,2
11639535,4421.18,1140,2
13043424,4414.57,1026,2
11732181,4413.94,1079,2
12889459,4412.31,1546,2
12787020,4410.279,685,2
11698053,4408.038,603,3
11742236,4394.61,2560,2
11697159,4389.216,439,3
11708570,4388.33,1915,2
11740841,4385.16,938,2
11667865,4379.399,607,3
11750878,4373.02,783,2
12819975,4362.59,841,2
11842626,4358.14,1275,2
15065937,4338.62,782,2
13778462,4338.11,1541,2
13789564,4332.08,1491,2
15057148,4313.82,947,2
11839867,4305.5,1353,2
14388197,4257.627,475,3
12785613,4252.079,873,2
14027227,4249.69,1330,2
15107687,4246.86,1053,2
11704057,4238.78,1053,2
12734565,4237.49,892,2
11653168,4233.26,3200,1
11600491,4231.97,1360,2
11686438,4218.22,1028,2
11738361,4216.838,586,3
11688840,4190.41,530,3
11753063,4165.979,1014,2
11745187,4155.54,744,2
13798064,4152.5,690,2
11743304,4150.23,1747,2
14196408,4146.59,896,2
12860218,4143.479,528,3
11639439,4141.5,1055,2
11605030,4135.39,1611,2
11954857,4122.38,897,2
14362773,4116.85,1733,2
13797908,4106.09,1023,2
11634177,4100.51,845,2
12734559,4099.678,928,2
11633644,4091.18,779,2
11743330,4084.928,602,3
11703947,4077.23,906,2
14410881,4069.2,673,3
11635881,4059.46,834,2
11749553,4057.808,612,3
12858020,4039.84,1028,2
11820781,4029.768,485,3
12721707,4028.95,621,3
11634183,4025.666,414,3
13797904,4015.86,1036,2
14856715,4013.99,642,3
14246997,4012.989,634,3
15107685,4002.4,988,2
11696755,3992.29,1023,2
15145965,3989.296,421,3
11695591,3986.19,771,2
11727535,3983.11,1362,2
11666588,3978.95,740,2
15107683,3974.51,990,2
12788455,3964.11,1629,2
12231805,3947.79,1018,2
14410882,3943.589,644,3
11600530,3939.65,830,2
11603748,3926.55,845,2
11746122,3925.29,959,2
11681161,3923.41,1351,2
11752719,3915.37,1287,2
13881131,3914.117,447,3
11744852,3910.51,1341,2
11653998,3909.9,664,3
11749354,3905.21,901,2
11742786,3892.04,2861,1
11658144,3891.44,1080,2
11842759,3888.74,568,3
15673352,3882.996,406,3
12493825,3878.65,699,3
12218996,3877.55,578,3
11750182,3875.41,755,2
11606551,3874.96,804,2
11743317,3874.54,973,2
11606412,3870.27,668,3
11648792,3868.679,610,3
11668189,3865.01,822,2
13008898,3857.51,1078,2
11823150,3849.996,387,3
11666106,3841.149,446,3
11742226,3840.76,2207,2
11744126,3836.44,833,2
13904245,3830.78,1506,2
11697155,3819.367,384,3
11823783,3810.81,826,2
14315946,3787.56,1546,2
11633466,3786.749,433,3
13798062,3779.57,885,2
11737695,3776.56,1139,2
11693256,3775,825,2
11894373,3774.3,803,2
12889460,3773.11,1386,2
13778460,3764.03,1408,2
11636950,3761.98,604,3
12741451,3761.32,472,3
11670825,3752.989,659,3
11872780,3752.36,759,3
12785669,3750.02,1246,2
11658147,3745.32,1017,2
11746289,3736.92,1532,2
13019940,3731.39,1354,2
15065935,3728.96,665,3
13999722,3728.06,609,3
11698925,3722.3,922,2
13881110,3722.09,966,2
11746295,3720.96,1498,2
11739434,3715.5,830,2
11735355,3708.94,807,2
12861735,3708.87,1039,2
11746194,3701.34,1017,2
11732861,3696.31,1258,2
11742606,3695.909,545,3
11703843,3692.33,527,3
12857904,3689.64,597,3
11692493,3682.87,1550,2
14071333,3678.04,1081,2
11620838,3674.53,890,2
11659754,3672.67,1021,2
14066844,3658.699,516,3
11741059,3653.87,1049,2
13767671,3646.33,1284,2
11635063,3643.65,485,3
14417263,3640.058,380,3
11744907,3632.51,749,3
11823786,3623.8,803,2
11674083,3617.018,436,3
11645958,3614.53,1094,2
12787456,3613.02,750,3
12932341,3610.807,374,3
14405312,3605.14,742,3
15221625,3603.19,1067,2
11727614,3602.25,941,2
11699918,3589.14,891,2
11746302,3581.36,781,3
14066848,3574.898,470,3
11703689,3569.38,742,3
11645956,3568.57,1085,2
11742703,3567.049,532,3
15016567,3566.04,604,3
11741072,3563.85,1033,2
11638489,3561.85,590,3
11619162,3560.3,463,3
11604867,3557.22,1411,2
12518569,3551.99,1565,2
11951732,3546,423,3
11954856,3542.19,773,3
14106215,3539.34,553,3
14509229,3531.1,1048,2
14197620,3526.17,600,3
12516262,3525.81,721,3
11700428,3518.778,393,3
11740976,3517.09,813,3
11664997,3511.43,1196,2
11742550,3508.718,455,3
11740756,3507.13,2842,2
12222161,3502.6,568,3
14388089,3500.14,672,3
11664523,3491.197,396,3
12878999,3485.56,722,3
11735126,3473.58,1493,2
11743069,3472.49,568,3
11872776,3469.9,751,3
14369157,3460.39,1189,2
11746234,3453.34,590,3
13865048,3450.14,841,2
11600422,3445.86,624,3
11741780,3445.75,2543,2
11742192,3443.57,1309,2
12187229,3436.6,879,2
11659746,3434.68,1058,2
11702685,3427.938,401,3
11654394,3424.35,559,3
11599256,3420,724,3
11741217,3418.84,1269,2
11698097,3410.09,916,2
11746228,3404.119,554,3
11942634,3402.96,646,3
11695594,3398.32,940,2
11700024,3393.96,1132,2
12932823,3392.528,386,3
12932827,3391.97,569,3
11616699,3387.74,600,3
11942007,3386.928,432,3
11742920,3380.55,710,3
11842327,3378.187,372,3
11654601,3365.63,655,3
15284448,3365.219,481,3
11748962,3359.517,336,3
14340230,3358.739,527,3
11735778,3355.29,1284,2
11972276,3353.96,682,3
11683667,3351.909,675,3
11731713,3347.7,660,3
14941604,3345.97,934,2
11617940,3336.97,2709,2
12787839,3333.39,955,2
11703593,3330.73,885,2
11714016,3329.997,337,3
11842629,3329.3,1048,2
12516261,3326.9,665,3
15043137,3319.97,904,2
11746230,3317.27,1943,2
15092892,3309.357,357,3
11671427,3303.87,1180,2
12776882,3302.64,1360,2
11632407,3298.1,749,3
15164885,3297.48,429,3
11669497,3295.39,854,3
14941602,3294.01,876,2
11675026,3285.318,359,3
11602709,3284.44,698,3
13797805,3283.08,838,3
12493869,3279.86,555,3
14506606,3279.85,641,3
13043422,3279.68,729,3
11832845,3276.74,718,3
13789509,3274.88,623,3
11616697,3274.5,595,3
11741962,3266.2,2042,2
11749819,3264.179,885,2
11746123,3263.27,756,3
14861836,3262.76,1199,2
13902069,3262.13,526,3
14502892,3261.25,692,3
14109105,3260.25,668,3
11609331,3256.85,1088,2
14333565,3253,1177,2
14346808,3246.71,2478,2
14905342,3246.48,696,3
11658141,3244.94,917,2
11686808,3244.62,1022,2
11746252,3244.1,1330,2
11643927,3241.75,1110,2
11687939,3239.51,560,3
11753870,3239.43,1324,2
11832854,3232.587,404,3
13797795,3229.27,1159,2
11823784,3225.07,711,3
14878485,3217.8,707,3
14101793,3212.79,451,3
11638490,3207.81,538,3
11609337,3204.3,1078,2
11741268,3191.02,880,3
13902580,3190.29,924,2
11666585,3188.84,590,3
11972260,3186.97,732,3
11740752,3183.15,667,3
11601482,3182.51,892,3
11606570,3179.37,681,3
11745211,3177.46,335,3
11635291,3173.78,443,3
14332420,3173.487,357,3
14101795,3168.16,394,3
11673143,3165.87,534,3
11742190,3159.26,1305,2
14899958,3159.1,980,2
11600522,3158.44,731,3
11636457,3158.36,1100,2
13902587,3157.01,872,3
14472122,3153.08,652,3
11669494,3152.59,769,3
11638741,3151.08,833,3
11625370,3148.81,1884,2
15253068,3148.09,852,3
11668184,3146.99,661,3
11664753,3145.948,362,3
15016570,3145.74,532,3
14543023,3143.85,560,3
15075612,3139.997,314,3
12148130,3131.07,968,2
11745487,3125.02,726,3
14941603,3124.9,835,3
11685428,3124.69,531,3
11751556,3113.27,507,3
12827506,3104.9,717,3
14345311,3103.65,876,3
11744851,3101.14,1073,2
11753853,3096.03,1118,2
14492863,3090.91,909,3
11985424,3084.86,437,3
11657012,3081.32,580,3
11746298,3080.28,1282,2
14249657,3079.64,739,3
12787164,3069.997,309,3
11645960,3063.63,981,2
12787254,3062.24,827,3
12231004,3060.71,478,3
11632675,3055.79,695,3
12787878,3053.09,851,3
13797782,3052.61,806,3
11741424,3049.62,1317,2
11779472,3048.17,833,3
11703221,3047.899,635,3
11603111,3047,843,3
12252854,3046.29,677,3
11699190,3045.54,1053,2
14388095,3040.757,308,3
11828129,3040.04,647,3
12148121,3039.847,319,3
11683854,3035.03,587,3
11701218,3030.29,1025,2
11696638,3020.579,517,3
13870738,3018.179,494,3
11699074,3017.19,815,3
12820704,3014.5,470,3
15253061,3014.05,871,3
12932829,3013.25,644,3
14316004,3011.348,310,3
11614058,3005.15,612,3
11634184,3003.94,680,3
15007552,2998.66,1010,2
13788511,2997.08,725,3
12218998,2992.38,453,3
11722719,2986.3,1180,2
11743332,2983.617,360,3
13797902,2981.08,512,3
11741146,2980.87,499,3
13035032,2977.05,299,3
11645980,2976.56,658,3
11901473,2969.98,413,3
11842451,2969.34,590,3
11619282,2968.69,799,3
11670831,2967.42,854,3
11699716,2962.36,633,3
14399127,2960.898,313,3
11738371,2956.778,433,3
12788285,2956.59,691,3
11743146,2955.02,668,3
11815094,2954.4,810,3
12159328,2952.04,851,3
11727459,2949.11,1081,2
11600770,2948.84,647,3
11603586,2948.39,1277,2
14513086,2944.44,881,3
13903414,2943.44,533,3
13776051,2942.03,628,3
14509227,2927.44,871,3
12787455,2926.68,609,3
11743113,2925.18,746,3
12246782,2919.7,1059,2
11737691,2916.25,881,3
11675084,2908.71,833,3
14456026,2906.487,292,3
11616781,2906.08,551,3
11948914,2903.85,378,3
11873431,2898.11,583,3
11686868,2896.52,867,3
11684197,2892.28,436,3
13789460,2887.58,337,3
11732094,2884.89,1539,2
12819977,2884.05,708,3
12932796,2882.017,297,3
11697162,2879.468,288,3
11662806,2878.57,545,3
11743038,2872.4,914,3
11746236,2870.65,1732,2
14273857,2867.84,665,3
14908451,2866.22,801,3
11751035,2865.28,619,3
11653583,2859.64,808,3
11721025,2841.54,423,3
11679025,2836.07,1146,2
14423035,2834.83,335,3
11699189,2834.16,965,3
11749840,2833.65,1125,2
11704058,2831.2,671,3
11741277,2829.84,789,3
11679924,2828.12,798,3
15092726,2824.888,297,3
11749345,2821.77,1088,2
11823785,2819,665,3
11698043,2818.38,1199,2
11696643,2817.24,484,3
15164986,2814.48,423,3
11619276,2811.39,731,3
11609045,2808.37,599,3
14879247,2807.08,395,3
12773827,2804.23,467,3
11602745,2803.72,706,3
13015623,2798.61,993,2
12932333,2797.49,667,3
15016568,2794.43,463,3
12222196,2791.56,777,3
12833771,2788.01,609,3
12807631,2785.29,703,3
14383201,2782.2,1390,2
13043418,2779.77,738,3
11694485,2779.569,604,3
11670741,2777.92,673,3
11744934,2775.009,467,3
11703696,2772.83,702,3
14861196,2763.299,433,3
11698123,2757.437,282,3
12572037,2756.43,604,3
14555763,2755.57,821,3
11667233,2754.618,291,3
11666103,2752.72,435,3
12906967,2748.33,387,3
12184080,2747.78,650,3
11645275,2744.45,351,3
12932335,2743.858,335,3
11746300,2740.27,1052,2
11656156,2731.35,745,3
11604872,2727.53,1124,2
11652266,2723.07,727,3
12175836,2719.67,620,3
14341554,2718.52,795,3
12932792,2718.028,304,3
11620205,2716.77,628,3
12018266,2713.65,593,3
11744850,2712.34,825,3
11668606,2712.12,1384,2
13789488,2705.369,315,3
11620754,2704.21,705,3
11681485,2703.46,1034,2
11684527,2694.16,392,3
14315947,2687.84,1159,2
11599899,2681.16,1613,2
14117276,2680.58,730,3
15145967,2679.818,295,3
11636673,2671.26,795,3
11952641,2671.19,881,3
14345281,2671.04,847,3
11748958,2666.21,386,3
11698087,2664.409,373,3
11633638,2663.16,570,3
13902590,2661.42,447,3
11746249,2661.23,1207,2
11741832,2660.93,1267,2
11683465,2658.509,348,3
14916327,2657.95,636,3
12789598,2656.78,643,3
12787616,2648.33,459,3
15016571,2647.76,439,3
11634178,2644.72,402,3
13056660,2639.97,551,3
14389774,2635.29,727,3
13043420,2633.66,689,3
11645984,2632.19,595,3
14239091,2632.13,785,3
11660687,2626.7,683,3
11686934,2626.27,579,3
13035022,2623.28,376,3
11699964,2620.42,552,3
11951698,2619.21,909,3
14502888,2614.84,583,3
11678806,2614.207,262,3
11670852,2610.75,817,3
11750914,2608,646,3
11657345,2601.4,873,3
14091953,2601.22,1008,3
11599293,2600.46,586,3
14230598,2599.6,763,3
11633642,2599.58,545,3
14538269,2594.2,475,3
12880476,2592.73,763,3
11739946,2589.79,397,3
11697198,2589.05,780,3
11698101,2588.898,288,3
11695808,2584.99,512,3
11739408,2584,693,3
11847126,2583.75,665,3
14388199,2578.89,564,3
11645972,2572.43,772,3
11781797,2572.259,365,3
14856710,2570.71,413,3
11697161,2569.508,259,3
11754070,2564.84,1252,2
11746303,2562.96,1063,2
12856683,2561.76,519,3
12807632,2560.76,692,3
11676188,2559.68,961,3
13778466,2555.03,876,3
14199102,2554.8,453,3
11742279,2554.08,885,3
11737591,2551.58,842,3
13777319,2548.89,660,3
14345325,2547.28,832,3
12204712,2544.96,422,3
11676842,2544.65,3002,2
15145970,2544.128,274,3
11781796,2531.6,369,3
14327189,2530.32,570,3
11746283,2527.37,610,3
13035024,2525.43,360,3
11658515,2522.93,619,3
11683459,2522.829,342,3
12788644,2521.86,334,3
13966659,2520.18,690,3
11627586,2519.62,852,3
11959190,2519.04,436,3
11673604,2511.819,362,3
14538273,2507.73,478,3
11659117,2505.79,436,3
13778464,2504.33,843,3
11851862,2503.21,386,3
14345187,2499.059,437,3
11625338,2496.24,279,3
11643403,2496.22,905,3
11738327,2495.39,576,3
11742590,2492.51,539,3
13886961,2491.539,264,3
11656327,2491.03,476,3
11608214,2488.34,578,3
11690575,2487.87,854,3
11832821,2486.03,534,3
11881060,2484.77,947,3
14249658,2482.89,607,3
11693421,2482.25,276,3
11658516,2482.21,589,3
11741819,2482.06,871,3
11695811,2479.61,570,3
12932801,2478.598,337,3
14340236,2478.459,356,3
11703590,2472.73,661,3
12788249,2471.4,678,3
11670855,2470.169,418,3
13796963,2469.5,532,3
15162405,2459.229,252,3
14909815,2457.06,568,3
12880464,2455.39,373,3
12532087,2454.61,788,3
11842762,2452.27,387,3
12833772,2451.53,566,3
12932707,2450.439,300,3
11624139,2444.89,630,3
11672055,2437.36,439,3
11746211,2437.12,494,3
11743728,2436.22,642,3
12788248,2436.05,439,3
12774504,2434.23,669,3
11695992,2430.67,1022,3
11627223,2429.39,409,3
13957619,2426.15,576,3
11635987,2425.628,252,3
13884731,2422.04,828,3
11873447,2419.04,741,3
11627237,2418.08,399,3
14237875,2416.77,342,3
11666111,2415.07,289,3
11698796,2412.78,679,3
11670544,2412.38,501,3
12787352,2404.95,376,3
11620208,2404.81,426,3
11666567,2404.71,500,3
11601365,2403.19,484,3
11602718,2401.849,406,3
11744485,2401.72,687,3
11735871,2401.07,805,3
13043426,2400.68,604,3
11872779,2395.41,574,3
15265026,2395.17,465,3
13789472,2394.229,276,3
15065936,2392.34,447,3
11671517,2387.9,705,3
11702691,2382.399,348,3
11646284,2381.96,744,3
11697787,2380.79,326,3
12473796,2380.35,728,3
11699931,2379.61,657,3
14345131,2376.729,300,3
11668166,2371,1425,2
14899961,2370.63,736,3
14388319,2370.4,916,3
11675334,2369.998,239,3
14502889,2369.44,526,3
11681761,2369.18,2260,2
11666822,2368.42,671,3
15281820,2365.169,282,3
11673611,2364.549,317,3
12787586,2358.32,285,3
14383629,2355.74,479,3
11741664,2353.28,779,3
11748787,2353.2,637,3
12225630,2351.32,1556,2
14565142,2350.37,557,3
11697152,2349.658,235,3
11746240,2345.21,387,3
15540806,2344.68,558,3
14543013,2344.45,401,3
11614110,2343.72,579,3
11842992,2343.36,635,3
11646279,2341.84,744,3
11633298,2341.18,681,3
11673591,2339.509,341,3
11599734,2339.45,566,3
14345329,2334.32,885,3
12741322,2331.76,503,3
14101796,2331.44,262,3
12162029,2327.99,861,3
14230610,2327.22,866,3
11749520,2323.18,609,3
11740766,2321.8,1041,3
14339662,2321.66,486,3
12932803,2321.55,499,3
11618388,2320.84,476,3
11732656,2319.879,290,3
12932809,2318.95,513,3
14908528,2316.15,1742,2
11606250,2315.48,472,3
12162033,2315.14,675,3
11698569,2314.34,448,3
11744933,2309.919,325,3
11684819,2308.37,532,3
14001171,2308.05,445,3
12787353,2306.63,385,3
11679917,2304.43,700,3
12807629,2297.47,588,3
14409740,2296.51,542,3
13797797,2292.9,1000,3
14066846,2292.168,342,3
11627226,2290.79,379,3
11746205,2288.04,967,3
11627232,2285.08,360,3
11732003,2284.989,276,3
14294422,2279.808,240,3
11723337,2278.63,1358,2
12788377,2274.54,363,3
11702307,2266.4,750,3
15673356,2266.178,237,3
12787144,2264.53,305,3
14566386,2261.229,237,3
15165131,2260.66,352,3
11652149,2258.78,654,3
15043196,2257.45,631,3
11746170,2255.78,581,3
13870755,2255.558,266,3
14502890,2252.83,495,3
11744853,2250.14,638,3
11680578,2249.79,615,3
14964171,2247.93,225,3
11749947,2247.37,678,3
11668007,2246.85,675,3
11704373,2243.74,414,3
11852045,2242.99,569,3
12187916,2242.69,507,3
11746292,2241.69,1199,2
11663168,2241,283,3
12889408,2240.99,553,3
11695978,2239.65,646,3
14198897,2238.84,386,3
11711358,2238.51,499,3
11699067,2234.399,264,3
11669487,2233.37,485,3
11620191,2232.9,409,3
12712655,2230.88,519,3
11620533,2229.25,501,3
11631184,2229.15,484,3
11748562,2228.06,751,3
14230617,2227.14,767,3
14354585,2224.44,387,3
12611551,2218.68,417,3
11609321,2209.998,224,3
12751398,2209.15,602,3
11731697,2208.96,556,3
11673441,2207.02,449,3
14369087,2206.9,398,3
12932637,2197.6,422,3
13902663,2197,1920,2
11855048,2196.978,256,3
11696693,2196.54,1236,2
14099487,2196.268,241,3
12139270,2195.72,547,3
11760148,2194.8,454,3
15628845,2192.46,373,3
12936587,2188.39,708,3
15164984,2186.62,359,3
14270798,2186.4,694,3
11837657,2181.51,462,3
13881108,2177.26,563,3
11738689,2177.14,454,3
11746200,2174.59,319,3
11630721,2173.96,543,3
12548115,2171.55,555,3
11703937,2162.14,843,3
14383637,2161.39,675,3
14536952,2158.2,333,3
11781795,2157.89,310,3
13902583,2156.24,366,3
15223004,2154.42,250,3
12895186,2152.91,622,3
14195835,2152.79,634,3
14199100,2149.97,384,3
15107681,2147.36,522,3
13904808,2146.11,439,3
11727689,2145.39,756,3
12734557,2143.589,502,3
11697018,2143.1,362,3
11700420,2142.098,252,3
11843221,2140.97,493,3
11631100,2140.59,476,3
14899963,2140.26,667,3
14511014,2140.01,360,3
15161363,2139.98,543,3
11604884,2139.95,831,3
14390385,2139.4,739,3
11655637,2138.64,569,3
13998381,2136.85,280,3
11667013,2135.93,600,3
13902615,2135.18,383,3
15083840,2134.96,273,3
13797801,2134.72,732,3
11692145,2134.63,353,3
11692576,2132.36,628,3
11741288,2131.79,461,3
11746374,2125.87,383,3
11653208,2125.85,354,3
11659184,2125.22,402,3
12518623,2124.259,465,3
11746210,2122.81,418,3
12795293,2122.28,649,3
11743984,2120.23,777,3
14033268,2116.96,681,3
11599345,2116.21,303,3
11852257,2114.33,342,3
11698912,2109.84,487,3
11852259,2109.15,339,3
11647743,2107.83,332,3
12510335,2107.32,433,3
14889818,2105.31,520,3
11603863,2104,622,3
13902670,2102.74,900,3
12888333,2102.24,493,3
11607217,2101.83,558,3
13798066,2100.38,616,3
15273907,2099.73,607,3
11840628,2099.59,406,3
11619262,2098.32,614,3
14198077,2097.72,423,3
15029236,2095,698,3
11697882,2094.55,366,3
12812994,2089.769,232,3
11615157,2089.56,353,3
11663583,2088.93,361,3
12712666,2087.6,576,3
11661227,2086.79,584,3
11743306,2085.7,626,3
14565145,2084.809,246,3
11674667,2084.49,458,3
15591274,2083.66,406,3
11951656,2083.07,406,3
14543015,2081.85,357,3
14001148,2080.57,514,3
11599322,2078.96,337,3
12840614,2070.73,654,3
11623972,2067.97,595,3
15629308,2067.62,354,3
11706011,2066.96,368,3
11972258,2065.99,772,3
11743061,2064.25,704,3
11742286,2061.25,551,3
14899962,2059.82,662,3
12191534,2058.23,344,3
11693248,2058.17,296,3
14307191,2055.28,380,3
15291173,2055.01,680,3
11676191,2052.97,774,3
12788251,2052.05,451,3
11645718,2050.21,559,3
15554397,2049.8,424,3
14084933,2048.68,483,3
14345285,2048.15,794,3
11624135,2045.92,512,3
11746313,2044.78,932,3
15113771,2042.46,654,3
12858022,2040.53,504,3
14091908,2040.18,809,3
15267287,2040.18,441,3
14072539,2039.89,898,3
11840470,2038.89,509,3
12891642,2036.85,450,3
11951688,2032.859,389,3
11743324,2032.649,253,3
14868570,2032.19,375,3
14199105,2026.31,356,3
12819983,2025.76,506,3
11684798,2025.02,564,3
14908531,2023.62,1529,2
11740610,2019.02,875,3
11682613,2018.69,566,3
11675738,2014.52,822,3
11630774,2013.76,458,3
12203573,2012.47,496,3
12932821,2011.64,427,3
15291170,2011.02,656,3
11746208,2010.95,426,3
14071325,2009.94,661,3
12208000,2009.87,452,3
12785441,2008.3,542,3
11699924,2007.62,504,3
14538275,2006.8,399,3
15080723,2005.98,381,3
15079842,2005.76,384,3
11672585,2003.46,574,3
13894805,2003.16,287,3
11671925,2002.199,332,3
12162035,2001.66,877,3
11624657,2001.3,647,3
11673948,1998.7,333,3
15067902,1997.63,409,3
15268601,1995.94,1668,2
14345275,1995.03,588,3
11979338,1992.7,454,3
14340244,1991.61,383,3
11781183,1991.22,494,3
11697144,1989.558,199,3
15060574,1989.25,412,3
14543038,1989.09,362,3
11602750,1982.78,466,3
13870510,1982.21,331,3
15145963,1981.838,217,3
11628815,1978.558,198,3
12945950,1977.88,534,3
11859559,1976.08,399,3
11665951,1971.74,227,3
15173217,1970.07,852,3
11671504,1968.82,612,3
11643492,1967.41,656,3
13798014,1965.9,566,3
12153034,1964.93,591,3
11645982,1964.63,468,3
12620348,1959.099,196,3
11657102,1956.97,579,3
12482284,1956.66,325,3
14543018,1956.11,343,3
11624136,1954.99,499,3
14492862,1953.28,578,3
11742930,1950.84,474,3
11679282,1950.13,1222,2
11628012,1949.11,370,3
11746207,1948.36,820,3
11743424,1947.43,836,3
11741051,1947.11,552,3
11732621,1943.75,252,3
11746229,1943.54,312,3
14811060,1943.2,444,3
13789496,1942.47,337,3
11729532,1942.47,482,3
12734555,1941.27,584,3
11615493,1940.9,273,3
15080719,1940.67,360,3
11746206,1939.33,838,3
11662110,1939.18,466,3
15031051,1939.129,221,3
11710181,1935.02,449,3
11743442,1932.53,1336,2
14362771,1931.9,843,3
11680051,1931.31,335,3
11617960,1930.95,546,3
11739293,1929.91,321,3
11638783,1927.78,255,3
12833778,1927.25,471,3
13870757,1927.108,214,3
12725103,1926.7,317,3
14102407,1925.9,353,3
11656149,1922.43,403,3
14355020,1922.16,559,3
11723043,1920.799,222,3
12788447,1920.009,203,3
11686858,1918.73,630,3
15165014,1918.36,272,3
11736011,1918.2,371,3
11727840,1918.01,696,3
12732280,1916.97,494,3
11732021,1916.75,451,3
11643486,1916.17,673,3
14340512,1912.88,588,3
11970793,1912.71,380,3
15060576,1911.49,386,3
14565147,1911.349,228,3
11679791,1910.61,560,3
11743290,1909.94,475,3
15647369,1908.7,334,3
14899957,1907.2,555,3
12207402,1906.94,331,3
15253094,1904.98,607,3
11699016,1901.16,555,3
11602863,1899.76,235,3
14278842,1897.93,571,3
11742932,1896.95,436,3
11952638,1896.76,660,3
13870752,1895.739,203,3
11832858,1893.56,380,3
15591273,1892.25,374,3
13881111,1892.23,486,3
14237860,1891.69,464,3
12822429,1890.38,514,3
14908532,1886.45,1423,2
11740365,1886.25,943,3
11633959,1886.23,658,3
14860296,1883.68,305,3
11688997,1883.57,458,3
11749582,1883.16,511,3
11927581,1882.58,255,3
11708592,1881.03,424,3
14022797,1879.998,193,3
14476452,1879.31,463,3
12493823,1878.81,352,3
11689535,1877.99,450,3
11844496,1877.629,269,3
11747509,1875.08,506,3
14318897,1872.48,821,3
11873427,1871.688,191,3
11842484,1871.66,446,3
11751693,1870.29,807,3
11746372,1870.22,494,3
15265686,1868.17,515,3
11669481,1867.35,399,3
13797780,1866.73,504,3
11834862,1866.14,300,3
11692505,1865.22,1270,2
12595678,1863.89,358,3
13870761,1863.06,370,3
11670524,1861.78,662,3
11746258,1861.39,758,3
11745697,1861.35,304,3
11832172,1855.91,415,3
11678936,1855.459,197,3
12193312,1852.68,336,3
11672511,1851.9,593,3
12905471,1851.27,380,3
11699633,1850.71,333,3
15268600,1850.53,1544,2
12139215,1849.66,453,3
11741265,1848.62,1084,3
11638717,1848.14,410,3
11746244,1847.91,393,3
11646286,1847.81,432,3
15164974,1846.18,294,3
11659749,1845.5,498,3
11698083,1844.889,278,3
11659189,1843.76,348,3
15016559,1842.96,309,3
11623586,1842.21,612,3
11642866,1842.02,575,3
14531003,1841.35,404,3
11751701,1839.22,819,3
11612974,1838.65,506,3
15082119,1838.17,458,3
11668122,1835.94,1046,3
12835458,1835.11,565,3
11654240,1834.2,191,3
14095689,1830.67,453,3
14502887,1830.6,407,3
11697156,1829.718,186,3
12725104,1828.05,288,3
12895426,1825.849,195,3
11667050,1825.77,634,3
12807628,1825.34,482,3
15179856,1824.97,320,3
14339471,1821.97,471,3
11701206,1819.42,646,3
11695337,1819.01,583,3
11632672,1818.43,406,3
14561037,1817.49,554,3
14932096,1817.11,196,3
14115895,1816.86,224,3
12193314,1816.81,392,3
15031053,1816.319,199,3
12611547,1816.04,348,3
11743122,1813.49,629,3
14314504,1812.75,461,3
14889810,1812,248,3
11629152,1811.25,280,3
14861198,1811.02,309,3
11662788,1810.28,368,3
11741850,1807.36,568,3
12770531,1806.18,624,3
13798012,1805.44,539,3
11746196,1804.86,315,3
11633301,1804.31,361,3
14255747,1803.74,698,3
12732381,1803.37,368,3
15143998,1800.91,329,3
11689530,1799.55,580,3
11620882,1799.43,854,3
11702389,1799.06,915,3
14327187,1798.788,184,3
11748959,1798.77,309,3
11731158,1798.57,261,3
14388203,1797.49,339,3
11914170,1797.39,509,3
13894086,1796.89,351,3
14543031,1795.4,325,3
11777512,1795.09,221,3
11745094,1793.92,351,3
14899969,1793.78,556,3
12787564,1793.61,344,3
14345309,1792.65,640,3
11679189,1791.808,308,3
15161365,1789.47,464,3
11832831,1787.499,279,3
15092725,1787.159,192,3
11617339,1786,508,3
13973267,1785.75,468,3
11625503,1784.66,566,3
12881178,1783.14,378,3
11668136,1782.24,1123,3
11688224,1778,461,3
11603093,1778,822,3
11646916,1776.999,192,3
15673358,1773.459,202,3
11751387,1771.58,772,3
11640975,1768.65,305,3
11776361,1767.74,678,3
11686435,1767.08,433,3
14227843,1766.9,1556,2
11746254,1766.63,747,3
11636959,1765.32,292,3
11751224,1764.3,612,3
11741906,1763.68,378,3
14388321,1760.86,799,3
12195711,1759.1,416,3
11833052,1758.51,289,3
12751396,1758.33,926,3
11699170,1757.429,364,3
15291175,1757,608,3
12742755,1756.25,629,3
12785390,1755.45,439,3
12817157,1753.71,321,3
11667056,1753.13,316,3
15065939,1752.56,318,3
12153065,1752.22,582,3
11692123,1751.74,392,3
11703572,1751.28,496,3
11837655,1751.14,470,3
11600503,1750.73,418,3
14345327,1750.63,688,3
14465827,1747.52,301,3
12504717,1747.16,297,3
11656135,1745.16,267,3
11645120,1745.159,187,3
14509225,1744.65,537,3
12932718,1744.49,363,3
14071336,1743.16,395,3
11749816,1742.76,540,3
11612088,1740.19,408,3
11745092,1738.37,315,3
15091445,1738.14,194,3
11893655,1737.64,293,3
11746239,1737.58,1049,3
11659748,1735.04,502,3
11750244,1732.6,222,3
11704330,1732.56,390,3
12819974,1732.54,420,3
11643928,1732.13,1063,3
11660698,1731.84,468,3
12191604,1731.05,642,3
11682735,1730,448,3
11851623,1729.998,177,3
12493830,1729.46,323,3
11953357,1729.14,375,3
15274875,1728.65,383,3
11828100,1727.04,495,3
12165849,1726.45,547,3
11749809,1724.55,404,3
12787733,1724.34,311,3
11645970,1723.57,576,3
13789562,1721.35,620,3
12813026,1721.05,251,3
11672499,1717.09,685,3
11615659,1714.569,222,3
14995706,1714.39,394,3
11730395,1713.99,497,3
12493826,1711.51,306,3
11953356,1709.65,380,3
11692482,1709,697,3
14356573,1705.32,773,3
15031068,1705.29,461,3
12928399,1702.63,1193,3
11607519,1700.62,369,3
11600534,1699.77,348,3
15546486,1699.39,390,3
11743095,1699.19,613,3
12510337,1697.78,265,3
14543029,1695.86,298,3
11763969,1693,232,3
11747016,1691.62,464,3
11688229,1690.77,437,3
12785578,1689.719,383,3
11623583,1689.45,571,3
11703510,1688.6,325,3
12725102,1687.81,274,3
11741149,1685.96,255,3
12238158,1685.02,520,3
13810125,1684.56,223,3
14856708,1684,280,3
11730371,1683.47,433,3
11746284,1682.64,720,3
15173095,1682.24,206,3
11747325,1682.14,287,3
11733593,1681.96,891,3
11675460,1680.86,348,3
12785731,1679.918,176,3
11903580,1679.74,410,3
15058228,1678.57,306,3
13884733,1678.179,212,3
11603101,1676,875,3
11670834,1675.51,304,3
12788253,1674.64,435,3
11648375,1674.53,733,3
11746308,1674.49,330,3
12192942,1670.83,610,3
11609093,1669.26,344,3
11640986,1668.98,346,3
11686686,1668.83,309,3
11672403,1668.68,408,3
11742708,1668.47,489,3
11623681,1667.85,353,3
15722923,1667.47,554,3
11643483,1667.07,620,3
14471852,1664.5,272,3
14944180,1664.35,363,3
14900570,1661.77,522,3
11824991,1661.35,324,3
11703784,1661.18,487,3
14325700,1660.56,650,3
11698574,1660.03,312,3
12785728,1659.898,170,3
11601351,1657.7,273,3
15164973,1657.66,354,3
12466446,1657.54,408,3
14091911,1656.93,646,3
13886963,1656.779,174,3
11730374,1656.5,440,3
12785772,1656.32,737,3
13966658,1654.72,569,3
11830657,1654.03,244,3
11703582,1653,451,3
12222158,1652.839,178,3
11646263,1652.379,222,3
15253017,1651.92,351,3
11674840,1651.8,344,3
11751303,1650.129,181,3
11697143,1649.759,165,3
14875969,1649.659,165,3
11600181,1649.23,403,3
11832833,1648.51,314,3
14388317,1648.46,756,3
11743092,1648.33,599,3
11661112,1647.5,476,3
14099488,1646.629,179,3
12541519,1643.16,407,3
14327218,1641.879,220,3
12894281,1641.7,495,3
14565146,1641.149,215,3
11681602,1640.72,693,3
11746299,1639.52,346,3
14916311,1638.57,391,3
11692472,1638.39,888,3
11636667,1635.94,245,3
14414459,1633.59,188,3
11820288,1630.6,444,3
12705425,1629.998,163,3
11688227,1629.44,445,3
12787808,1628.94,302,3
11627220,1628.93,265,3
12786632,1628.43,392,3
11673339,1628.17,288,3
11698920,1624.91,293,3
11622267,1624.5,464,3
11663338,1623.47,515,3
12028129,1622.6,516,3
14520793,1622.37,192,3
11693479,1621.73,232,3
11633440,1621.69,180,3
13894087,1621.23,326,3
11696797,1619.62,341,3
11624948,1619.37,388,3
14253816,1618.67,402,3
12813129,1618.53,426,3
12802527,1618.18,322,3
11607871,1614.63,458,3
12788402,1614.61,246,3
13056658,1614.38,334,3
12714077,1613.45,389,3
11647856,1610.74,653,3
11633309,1610.34,459,3
13960140,1610.28,489,3
11743803,1609.08,289,3
11952637,1606.65,559,3
11746306,1606.42,338,3
11664558,1604.6,554,3
11747841,1603.01,546,3
12202379,1602.97,253,3
12751434,1602.4,284,3
11872777,1601.59,386,3
11647464,1600.488,168,3
12240071,1600.26,414,3
12758350,1600.019,182,3
11602869,1599.998,162,3
14356587,1599.998,161,3
14509161,1599.9,337,3
11633395,1599.81,267,3
11697169,1599.679,164,3
11673202,1599.31,433,3
11640709,1598.02,395,3
12802528,1597.55,325,3
12611553,1597.34,310,3
12788290,1596.18,356,3
13797803,1595.15,373,3
12914689,1594.84,435,3
11648392,1594.1,322,3
11673700,1594.02,296,3
11695605,1593.92,310,3
11842760,1592.96,240,3
12187227,1592.61,455,3
11837658,1591.86,423,3
11664996,1590.359,254,3
11631179,1590.24,417,3
11842609,1589.1,731,3
14531005,1586.67,252,3
11907217,1586.5,560,3
14389782,1586.44,525,3
14073327,1584.66,446,3
11746209,1584.47,319,3
12841036,1584.24,266,3
12903212,1583.61,596,3
12932331,1583.48,437,3
11618297,1583.41,484,3
12860010,1583.09,336,3
12192939,1583.01,441,3
12773833,1582.98,481,3
14878470,1582.13,384,3
11660987,1581.19,561,3
12510338,1580.46,249,3
15059659,1580.3,375,3
11694843,1580.26,377,3
12782857,1579.95,186,3
11697153,1579.759,160,3
11749578,1579.49,412,3
14345340,1578.97,485,3
11843609,1576.87,325,3
14355018,1574.04,485,3
11658016,1573.22,276,3
11682299,1572,391,3
11673336,1570.45,267,3
12185944,1569.998,158,3
15268603,1567.97,1289,2
14543014,1567.65,272,3
12727742,1566.69,189,3
14856670,1566.14,248,3
11752646,1565.67,373,3
13789511,1565.39,303,3
11731806,1564.699,193,3
11972272,1564.04,328,3
11706367,1563.69,331,3
11682242,1563.27,311,3
11743089,1563.1,639,3
11670858,1562.77,334,3
11666765,1562.34,362,3
15253127,1561.63,391,3
15165119,1560.16,190,3
15092874,1560.079,174,3
12932703,1559.928,169,3
12802561,1558.68,311,3
14964172,1558.6,158,3
11677612,1558.34,315,3
12514048,1558.13,242,3
11624196,1557.65,315,3
14206602,1557.34,242,3
11639813,1556.47,640,3
14995704,1556.38,358,3
12822423,1556.21,448,3
14543040,1555.99,292,3
12519833,1555.96,308,3
14424686,1555.51,342,3
13902664,1555.48,399,3
13798007,1554.45,424,3
11742185,1554.32,1510,2
14079629,1554.17,482,3
15673360,1553.779,165,3
11698825,1553.77,294,3
11682251,1552.75,322,3
11666144,1552.57,292,3
11660684,1551.63,415,3
11610013,1550.89,304,3
11615343,1550.84,407,3
11753859,1549.98,682,3
13789462,1548.5,339,3
11642926,1548.48,542,3
11656146,1547.41,403,3
14198816,1546.84,296,3
11604659,1545.43,466,3
14345319,1543.57,522,3
11907216,1540.96,497,3
15168533,1540.749,183,3
11606786,1540.43,449,3
15539172,1540.14,462,3
11922708,1539.41,425,3
12804164,1538.44,301,3
12847369,1538.01,734,3
12787781,1536.939,178,3
11659750,1536.55,454,3
15539171,1536.23,483,3
11841159,1536.1,638,3
11741130,1536.1,266,3
14376834,1535.17,463,3
15258980,1534.64,251,3
11744090,1532.35,363,3
15202735,1531.96,478,3
14935373,1531.75,416,3
12875620,1530.96,357,3
14273893,1530.91,295,3
11731740,1530.83,363,3
15067901,1530.37,303,3
11697424,1529.998,153,3
11658161,1529.86,440,3
15165012,1528.719,183,3
11746241,1527.92,601,3
14280757,1527.38,382,3
13902633,1523.84,271,3
11675081,1522.85,427,3
14267300,1522.43,162,3
14935377,1519.74,431,3
12741363,1519.63,259,3
14363228,1518.64,369,3
12787582,1518.12,213,3
11753856,1517.05,457,3
14345015,1516.67,245,3
13870744,1515.629,161,3
14570358,1515.59,248,3
11837700,1515.14,782,3
15600788,1514.989,183,3
12936586,1514.32,350,3
11666096,1514.23,170,3
12184448,1513.49,229,3
12932788,1513.449,166,3
14861197,1513.43,237,3
11741923,1512.13,417,3
14963146,1511.2,343,3
14856709,1510.85,262,3
14565143,1510.58,394,3
12859953,1509.78,255,3
14079630,1509.59,452,3
11753052,1509.52,392,3
11702661,1508.83,190,3
14345297,1508.63,507,3
11674540,1508.488,161,3
14414610,1508.41,364,3
12192945,1508.33,499,3
11679264,1506.12,410,3
11675073,1505.58,466,3
12936590,1505.54,498,3
11744032,1505.13,755,3
11820752,1503.49,221,3
11744092,1502.4,373,3
11747491,1501.92,385,3
11692473,1500.03,646,3
11832926,1497.72,342,3
11744488,1497.36,428,3
14255746,1496.98,702,3
11676679,1495.33,172,3
12807630,1494.9,393,3
11697886,1494.549,199,3
11623589,1494.41,492,3
11599468,1493.37,168,3
11872778,1490.57,324,3
11855615,1489.549,149,3
12906966,1489.03,225,3
15264649,1487.01,373,3
11683474,1485.12,202,3
12785439,1485,425,3
11701256,1484.6,1126,3
12786925,1484.119,164,3
12857905,1484.05,244,3
14230616,1483.82,495,3
14073328,1483.65,481,3
13009821,1483.41,237,3
12820683,1483.39,271,3
14462872,1479.999,149,3
14109444,1479.51,331,3
11670586,1479.3,580,3
13798008,1477.18,398,3
14066331,1475.62,260,3
11752440,1474.67,628,3
12028128,1474.01,518,3
14230615,1473.98,517,3
14499056,1473.07,429,3
13971975,1472.6,194,3
11706536,1472.6,1129,3
12735031,1472.2,283,3
14566339,1471.989,155,3
11620659,1471.95,700,3
11636956,1470.97,249,3
11857216,1469.7,318,3
15016561,1469.62,243,3
14409765,1469.41,398,3
11746309,1468.79,490,3
12185945,1467.199,150,3
14084923,1466.92,396,3
12936573,1465.58,513,3
14543026,1464.56,263,3
13034515,1463.59,409,3
12813023,1463.53,221,3
14071332,1462.58,413,3
13886042,1462.35,312,3
11838810,1462.11,866,3
12889496,1461.35,506,3
11843030,1460.21,501,3
15223005,1459.94,173,3
15253076,1456.7,507,3
11658007,1455.97,422,3
12813126,1455.09,373,3
15060575,1452.97,293,3
11740362,1452.75,493,3
13789494,1452.7,312,3
14993547,1451.99,419,3
11674378,1449.69,327,3
11694620,1449,168,3
13776913,1446.91,400,3
14102351,1446.18,191,3
14565667,1445.62,234,3
11606563,1445.37,305,3
11604492,1445.03,422,3
11840454,1444,844,3
15275929,1443.75,256,3
11635289,1443.05,333,3
11671437,1442.41,356,3
12802565,1442.15,275,3
14861557,1440.94,360,3
14944179,1439.77,328,3
11641371,1439.46,262,3
12788263,1439.39,308,3
11730377,1437.54,381,3
11713106,1437.41,326,3
14309531,1437.2,362,3
14899959,1437.19,441,3
12788388,1436.72,730,3
13902647,1436.63,199,3
14279593,1436.34,308,3
11702971,1435.36,504,3
11677638,1433.62,335,3
11714670,1432.41,361,3
14513087,1432.17,443,3
13798056,1431.51,383,3
12788454,1431.15,435,3
11640521,1430.73,346,3
11698435,1430.66,498,3
14094424,1429.62,189,3
11743157,1428.13,433,3
15165056,1428.09,170,3
11682733,1427.82,319,3
11643489,1427.81,529,3
12785719,1425.06,352,3
11751709,1424.55,657,3
11819745,1424.31,462,3
15673354,1424.049,147,3
11873449,1423.9,372,3
11972290,1422.02,479,3
14472124,1421.05,296,3
15253065,1420.9,408,3
11628814,1419.779,142,3
11646472,1418.86,297,3
13966867,1418.68,362,3
11622130,1418.41,308,3
11738375,1417.969,164,3
11952640,1417.5,506,3
13903095,1415.21,333,3
12788648,1414.28,187,3
11832279,1413.63,316,3
12857903,1411.67,234,3
14410877,1411.66,248,3
12860085,1411.38,211,3
11673945,1410.52,225,3
14001149,1410.01,366,3
11694852,1407.96,342,3
11744134,1407.89,339,3
11673434,1407.18,141,3
11646636,1406.85,151,3
11753612,1405.51,296,3
12811253,1403.71,191,3
11703951,1403.32,530,3
14899960,1402.92,449,3
11743497,1402.55,530,3
11695562,1402.41,269,3
15289769,1402,614,3
11746371,1401.4,467,3
11742291,1401.07,406,3
11703791,1400.53,333,3
14318902,1400.48,551,3
11821950,1400.36,174,3
15591272,1398.78,276,3
14345169,1398.48,230,3
15060572,1398.39,227,3
14543037,1398.04,258,3
15162311,1396.46,339,3
11749364,1396.4,312,3
12887119,1394.74,348,3
15209906,1394.41,611,3
11627920,1394.32,275,3
11618796,1393.47,293,3
11843622,1392.54,281,3
14495502,1392.32,278,3
14509226,1391.58,429,3
12864753,1391.36,265,3
14023046,1390.98,329,3
14345224,1390.929,167,3
12826309,1390.59,202,3
12771823,1390.41,251,3
11691671,1389.72,349,3
11659191,1389.61,261,3
15072359,1389.5,560,3
11688999,1388.59,516,3
11626039,1387.65,189,3
11733138,1387.37,391,3
11819747,1385.95,430,3
15601701,1384.87,191,3
11617968,1384.09,1286,3
12856686,1383.35,290,3
13016225,1382.8,222,3
11694398,1382.77,503,3
11654463,1382.71,481,3
11670158,1382.699,142,3
11620239,1381.34,325,3
11744975,1381.01,644,3
11670364,1381.009,162,3
11666290,1380.95,303,3
11621519,1380.8,488,3
13798006,1380.57,242,3
11697420,1379.999,140,3
14936437,1379.999,140,3
13870601,1379.449,139,3
11742030,1379.42,415,3
12176521,1379.09,201,3
11607219,1378.95,454,3
14340234,1378.61,340,3
15058224,1377.43,330,3
13870750,1377.23,226,3
11697889,1375.4,420,3
11706036,1375.16,315,3
12858016,1374.84,223,3
14543020,1374.59,241,3
15059658,1373.68,346,3
11605759,1373.66,554,3
11666744,1372.79,236,3
11639682,1372.48,159,3
11672576,1372.4,381,3
11639817,1372.26,595,3
14345240,1372.04,343,3
15203631,1370.76,232,3
11834436,1369.999,137,3
14383199,1369.98,666,3
11615149,1369.94,470,3
12721687,1369.519,169,3
11648763,1368.67,526,3
12192932,1367.09,473,3
11696917,1366.87,432,3
13902669,1365.98,212,3
11661651,1365.9,488,3
14899675,1365.75,498,3
12600903,1365.72,228,3
11734739,1365.52,509,3
11698016,1364.62,508,3
12705275,1363.13,236,3
12788318,1361.37,333,3
11856850,1359.999,181,3
12804246,1359.17,466,3
14354573,1358.09,143,3
11843621,1357.33,291,3
12932833,1355.999,151,3
11666582,1355.8,275,3
11603115,1354.999,184,3
14565538,1354.63,272,3
11633318,1354.53,281,3
11832846,1352.12,392,3
11707350,1352.03,1151,3
13777892,1351.53,242,3
12192935,1351.2,432,3
12026972,1350.98,453,3
14388100,1350.759,144,3
11670080,1350.58,393,3
13804705,1350.32,149,3
12246230,1349.88,323,3
12810584,1349.68,306,3
11621037,1349.11,244,3
11692150,1349.08,288,3
15016569,1348.89,222,3
11696034,1348.8,767,3
15165041,1348.5,156,3
11701271,1348.07,442,3
11665912,1347,395,3
12184444,1346.1,197,3
11744071,1345.53,410,3
11620244,1344.85,215,3
11669401,1344.34,265,3
11738315,1342.77,387,3
14382972,1342.739,184,3
11852072,1342.61,394,3
11617963,1340.92,343,3
13029719,1340.24,369,3
11669689,1339.999,137,3
12519834,1339.64,345,3
11749142,1339.51,489,3
11748837,1338.97,354,3
11838317,1337.66,371,3
13870759,1337.549,167,3
14419345,1336.82,393,3
11664535,1336.77,504,3
11604620,1336.53,209,3
14565126,1335.6,325,3
11839667,1335.58,154,3
14116799,1334.85,300,3
12513519,1334.66,139,3
15253086,1332.84,441,3
11746310,1332.27,311,3
12820589,1331.96,176,3
11730505,1331.87,408,3
11747607,1329.27,271,3
14899946,1329.08,844,3
11748840,1328.4,392,3
11672463,1328.35,403,3
15016607,1327.56,584,3
11695597,1327.2,370,3
